{"cameraMode":{"drawMode":0,"name":"Shaded","section":"Shading Mode"},"sceneLighting":false,"audioPlay":false,"sceneViewState":{"showFog":false,"showMaterialUpdate":false,"showSkybox":false,"showFlares":false,"showImageEffects":false,"showParticleSystems":false},"in2DMode":false,"pivot":{"x":-0.2857677638530731,"y":1.0712738037109376,"z":5.2237725257873539},"rotation":{"x":-0.253558874130249,"y":0.2445463091135025,"z":-0.06641780585050583,"w":-0.9335445761680603},"size":4.685164451599121,"orthographic":false}