{"cameraMode":{"drawMode":0,"name":"Shaded","section":"Shading Mode"},"sceneLighting":false,"audioPlay":false,"sceneViewState":{"showFog":false,"showMaterialUpdate":false,"showSkybox":false,"showFlares":false,"showImageEffects":false,"showParticleSystems":false},"in2DMode":false,"pivot":{"x":15.635488510131836,"y":1.2568676471710206,"z":10.524523735046387},"rotation":{"x":-0.4042268991470337,"y":0.20485909283161164,"z":-0.0934101864695549,"w":-0.8865150213241577},"size":3.0486457347869875,"orthographic":false}