{"cameraMode":{"drawMode":0,"name":"Shaded","section":"Shading Mode"},"sceneLighting":false,"audioPlay":false,"sceneViewState":{"showFog":false,"showMaterialUpdate":false,"showSkybox":true,"showFlares":false,"showImageEffects":false,"showParticleSystems":false},"in2DMode":false,"pivot":{"x":16.82090950012207,"y":6.196038246154785,"z":-1.6342792510986329},"rotation":{"x":0.23725321888923646,"y":-0.06057164445519447,"z":0.014843529090285302,"w":0.9695091247558594},"size":6.423994541168213,"orthographic":false}