{"cameraMode":{"drawMode":0,"name":"Shaded","section":"Shading Mode"},"sceneLighting":true,"audioPlay":false,"sceneViewState":{"showFog":true,"showMaterialUpdate":false,"showSkybox":true,"showFlares":true,"showImageEffects":true,"showParticleSystems":true,"showVisualEffectGraphs":true,"m_FxEnabled":true},"in2DMode":false,"pivot":{"x":-0.46580448746681216,"y":2.973878860473633,"z":-3.148683547973633},"rotation":{"x":0.16377252340316773,"y":-0.07538755238056183,"z":0.012553669512271881,"w":0.9835357666015625},"size":0.5364998579025269,"orthographic":false}