{"cameraMode":{"drawMode":0,"name":"Shaded","section":"Shading Mode"},"sceneLighting":true,"audioPlay":false,"sceneViewState":{"showFog":true,"showMaterialUpdate":false,"showSkybox":true,"showFlares":true,"showImageEffects":true,"showParticleSystems":true,"showVisualEffectGraphs":true,"m_FxEnabled":true},"in2DMode":false,"pivot":{"x":1.5799429416656495,"y":1.7677264213562012,"z":-9.502954483032227},"rotation":{"x":0.13545113801956178,"y":-0.22383834421634675,"z":0.03142374008893967,"w":0.9646660089492798},"size":2.9660251140594484,"orthographic":false}