{"cameraMode":{"drawMode":0,"name":"Shaded","section":"Shading Mode"},"sceneLighting":true,"audioPlay":false,"sceneViewState":{"showFog":true,"showMaterialUpdate":false,"showSkybox":true,"showFlares":true,"showImageEffects":true,"showParticleSystems":true,"showVisualEffectGraphs":true,"m_FxEnabled":true},"in2DMode":false,"pivot":{"x":0.06295470893383026,"y":0.9812854528427124,"z":-4.882991790771484},"rotation":{"x":0.21341592073440553,"y":-0.14447183907032014,"z":0.031923387199640277,"w":0.9657021760940552},"size":1.0673093795776368,"orthographic":false}