{"cameraMode":{"drawMode":0,"name":"Shaded","section":"Shading Mode"},"sceneLighting":true,"audioPlay":false,"sceneViewState":{"showFog":false,"showMaterialUpdate":false,"showSkybox":true,"showFlares":false,"showImageEffects":false,"showParticleSystems":false},"in2DMode":false,"pivot":{"x":-37.12842559814453,"y":1.4514646530151368,"z":57.05476379394531},"rotation":{"x":0.17605412006378175,"y":-0.017132055014371873,"z":0.003051137086004019,"w":0.9842463135719299},"size":1.7916122674942017,"orthographic":false}