{"cameraMode":{"drawMode":0,"name":"Shaded","section":"Shading Mode"},"sceneLighting":false,"audioPlay":false,"sceneViewState":{"showFog":false,"showMaterialUpdate":false,"showSkybox":false,"showFlares":false,"showImageEffects":false,"showParticleSystems":false},"in2DMode":false,"pivot":{"x":1.5999999046325684,"y":6.21999979019165,"z":-8.389619827270508},"rotation":{"x":-0.1713346689939499,"y":0.017435351386666299,"z":-0.0030287387780845167,"w":-0.9850623607635498},"size":1.7660253047943116,"orthographic":false}