{"cameraMode":{"drawMode":0,"name":"Shaded","section":"Shading Mode"},"sceneLighting":true,"audioPlay":false,"sceneViewState":{"showFog":false,"showMaterialUpdate":false,"showSkybox":true,"showFlares":false,"showImageEffects":false,"showParticleSystems":false},"in2DMode":false,"pivot":{"x":33.8013801574707,"y":2.509995460510254,"z":4.85639762878418},"rotation":{"x":0.20578725636005402,"y":-0.24987782537937165,"z":0.05442789942026138,"w":0.9446137547492981},"size":3.844512701034546,"orthographic":false}