{"cameraMode":{"drawMode":0,"name":"Shaded","section":"Shading Mode"},"sceneLighting":false,"audioPlay":false,"sceneViewState":{"showFog":false,"showMaterialUpdate":false,"showSkybox":true,"showFlares":false,"showImageEffects":false,"showParticleSystems":false},"in2DMode":false,"pivot":{"x":493.23577880859377,"y":112.66413879394531,"z":5.906463623046875},"rotation":{"x":0.21904437243938447,"y":-0.1854529231786728,"z":0.0424465574324131,"w":0.9570496678352356},"size":160.29150390625,"orthographic":false}