{"cameraMode":{"drawMode":0,"name":"Shaded","section":"Shading Mode"},"sceneLighting":false,"audioPlay":false,"sceneViewState":{"showFog":false,"showMaterialUpdate":false,"showSkybox":false,"showFlares":false,"showImageEffects":false,"showParticleSystems":false},"in2DMode":false,"pivot":{"x":-0.005155086517333984,"y":0.055260539054870608,"z":-0.23308336734771729},"rotation":{"x":0.004482157528400421,"y":-0.09048110991716385,"z":0.0003968847740907222,"w":0.99591064453125},"size":2.4996628761291506,"orthographic":false}