{"cameraMode":{"drawMode":0,"name":"Shaded","section":"Shading Mode"},"sceneLighting":false,"audioPlay":false,"sceneViewState":{"showFog":false,"showMaterialUpdate":false,"showSkybox":true,"showFlares":false,"showImageEffects":false,"showParticleSystems":false},"in2DMode":false,"pivot":{"x":118.53890991210938,"y":73.2659912109375,"z":3.0509109497070314},"rotation":{"x":0.10154939442873001,"y":-0.07395666837692261,"z":0.007525185123085976,"w":0.9920989274978638},"size":60.020084381103519,"orthographic":false}