{"cameraMode":{"drawMode":0,"name":"Shaded","section":"Shading Mode"},"sceneLighting":false,"audioPlay":false,"sceneViewState":{"showFog":false,"showMaterialUpdate":false,"showSkybox":true,"showFlares":false,"showImageEffects":false,"showParticleSystems":false},"in2DMode":false,"pivot":{"x":150.93666076660157,"y":112.52304077148438,"z":-45.98173522949219},"rotation":{"x":0.18252520263195039,"y":-0.09952211380004883,"z":0.018547840416431428,"w":0.9780346751213074},"size":50.92571258544922,"orthographic":false}