{"cameraMode":{"drawMode":0,"name":"Shaded","section":"Shading Mode"},"sceneLighting":true,"audioPlay":false,"sceneViewState":{"showFog":false,"showMaterialUpdate":false,"showSkybox":true,"showFlares":false,"showImageEffects":false,"showParticleSystems":false},"in2DMode":false,"pivot":{"x":14.524855613708496,"y":-0.8539113998413086,"z":9.050657272338868},"rotation":{"x":0.24253018200397492,"y":-0.4854799211025238,"z":0.14223434031009675,"w":0.8278186321258545},"size":6.607396125793457,"orthographic":false}